<?xml version="1.0" encoding="UTF-8"?>
<project-private xmlns="http://www.netbeans.org/ns/project-private/1">
    <editor-bookmarks xmlns="http://www.netbeans.org/ns/editor-bookmarks/2" lastBookmarkId="0"/>
    <open-files xmlns="http://www.netbeans.org/ns/projectui-open-files/2">
        <group>
            <file>file:/C:/Users/Nelsito%20Contreras/Documents/NetBeansProjects/Java2FinalProject/src/java2finalproject/HangmanGame.java</file>
            <file>file:/C:/Users/Nelsito%20Contreras/Documents/NetBeansProjects/Java2FinalProject/src/java2finalproject/FXMLDocumentController.java</file>
            <file>file:/C:/Users/Nelsito%20Contreras/Documents/NetBeansProjects/Java2FinalProject/src/java2finalproject/Java2FinalProject.java</file>
        </group>
    </open-files>
</project-private>
